Ancestry,AC,AN,AF,Homozygotes
East Asian,55,42504,0.0012939958592132505,0
European (non-Finnish),50,1162010,4.302888959647507e-05,1
Remaining,2,61234,3.266159323251788e-05,0
African/African American,1,74092,1.3496733790422718e-05,0
Admixed American,0,53736,0.0,0
Ashkenazi Jewish,0,29004,0.0,0
European (Finnish),0,61562,0.0,0
Middle Eastern,0,6020,0.0,0
South Asian,0,87192,0.0,0
