Domain,P/LP,Length_aa,Odds_Ratio,p_raw,p_Bonferroni,Significance
C2A,8,122,0.489,0.05713,0.3999,n.s.
C2B,20,121,1.379,0.20389,1.0,n.s.
C2C,18,116,1.279,0.3827,1.0,n.s.
C2D,18,115,1.292,0.38063,1.0,n.s.
C2E,15,116,1.034,0.88394,1.0,n.s.
C2F,15,117,1.024,0.88475,1.0,n.s.
TM,3,32,0.72,0.78858,1.0,n.s.
