Domain,P/LP,non-P/LP,Total,Odds_Ratio,p_raw,p_BH,Sig_BH
C2A,8,84,92,0.52,0.09224636594291988,0.3304682590868438,n.s.
C2B,20,68,88,1.605,0.09441950259624109,0.3304682590868438,n.s.
C2C,18,81,99,1.212,0.4709945114787215,0.8242403950877627,n.s.
C2D,18,70,88,1.403,0.22469068830201355,0.5242782727046983,n.s.
C2E,15,88,103,0.93,0.8867892122231734,0.8867892122231734,n.s.
C2F,15,70,85,1.169,0.6405936839993371,0.8867892122231734,n.s.
TM,3,22,25,0.744,0.7850347301180647,0.8867892122231734,n.s.
