Domain,Total,Provided,Not_provided,Frac_not_provided
C2A,92,42,50,0.5434782608695652
C2B,88,37,51,0.5795454545454546
C2C,99,43,56,0.5656565656565656
C2D,88,36,52,0.5909090909090909
C2E,103,34,69,0.6699029126213593
C2F,85,38,47,0.5529411764705883
TM,25,9,16,0.64
Linker,1020,405,615,0.6029411764705882
