Classification,Total,Parseable,NonParseable,FracParseable
Benign,1277,678,599,0.5309318715740016
VUS,499,440,59,0.8817635270541082
Pathogenic,390,255,135,0.6538461538461539
Conflicting,231,201,30,0.8701298701298701
Other,35,26,9,0.7428571428571429
