cons_simple,Non-parseable,Parseable,Total,Failure_rate,Parse_rate
Splice,104,0,104,1.0,0.0
Unknown,47,1,48,0.9791666666666666,0.020833333333333332
Intronic,648,35,683,0.9487554904831625,0.05124450951683748
UTR,27,3,30,0.9,0.1
InDel,1,12,13,0.07692307692307693,0.9230769230769231
Missense,5,693,698,0.0071633237822349575,0.9928366762177651
Frameshift,0,115,115,0.0,1.0
Nonsense/stop,0,101,101,0.0,1.0
Synonymous,0,640,640,0.0,1.0
